{
  "n": 452,
  "APR": 0.36504424778761063,
  "ARS": 0.5872954479149171,
  "by_axis": {
    "INFERENCE_MEMORY": {
      "n": 132,
      "APR": 0.3787878787878788,
      "ARS": 0.4723063973063973
    },
    "INSTRUCTION_RETENTION": {
      "n": 120,
      "APR": 0.425,
      "ARS": 0.6054894179894179
    },
    "SELF_COHERENCE": {
      "n": 83,
      "APR": 0.3373493975903614,
      "ARS": 0.574363688520315
    },
    "VOICE_EDITING": {
      "n": 117,
      "APR": 0.3076923076923077,
      "ARS": 0.7075400145912966
    }
  },
  "judge": "google/gemma-4-26B-A4B-it+192.168.1.50:8000",
  "predictions": "outputs/20260723_172732/predictions.jsonl"
}