{
  "n": 452,
  "APR": 0.2588495575221239,
  "ARS": 0.5283925391226276,
  "by_axis": {
    "INFERENCE_MEMORY": {
      "n": 132,
      "APR": 0.24242424242424243,
      "ARS": 0.3437289562289563
    },
    "INSTRUCTION_RETENTION": {
      "n": 120,
      "APR": 0.3333333333333333,
      "ARS": 0.5670436507936506
    },
    "SELF_COHERENCE": {
      "n": 83,
      "APR": 0.27710843373493976,
      "ARS": 0.5362241172482137
    },
    "VOICE_EDITING": {
      "n": 117,
      "APR": 0.18803418803418803,
      "ARS": 0.6915330396099624
    }
  },
  "judge": "google/gemma-4-26B-A4B-it+192.168.1.45:8000",
  "predictions": "outputs/20260722_114404/predictions.jsonl"
}